team_id,name,code,country,founded,national,logo_url,venue_id
-2,Liverpool FC,,,,False,,
-3,AFC Bournemouth,,,,False,,
-4,Aston Villa FC,,,,False,,
-5,Newcastle United FC,,,,False,,
-6,Brighton & Hove Albion FC,,,,False,,
-7,Fulham FC,,,,False,,
-8,Sunderland AFC,,,,False,,
-9,West Ham United FC,,,,False,,
-10,Tottenham Hotspur FC,,,,False,,
-11,Burnley FC,,,,False,,
-12,Wolverhampton Wanderers FC,,,,False,,
-13,Manchester City FC,,,,False,,
-14,Nottingham Forest FC,,,,False,,
-15,Brentford FC,,,,False,,
-16,Chelsea FC,,,,False,,
-17,Crystal Palace FC,,,,False,,
-18,Manchester United FC,,,,False,,
-19,Arsenal FC,,,,False,,
-20,Leeds United FC,,,,False,,
-21,Everton FC,,,,False,,
-22,Luton Town FC,,,,False,,
-23,Sheffield United FC,,,,False,,
-24,Ipswich Town FC,,,,False,,
-25,Southampton FC,,,,False,,
-26,Leicester City FC,,,,False,,
-27,BSC Young Boys,,,,False,,
-28,Juventus FC,,,,False,,
-29,PSV,,,,False,,
-30,Sporting Clube de Portugal,,,,False,,
-31,Lille OSC,,,,False,,
-32,FC Bayern München,,,,False,,
-33,GNK Dinamo Zagreb,,,,False,,
-34,Real Madrid CF,,,,False,,
-35,VfB Stuttgart,,,,False,,
-36,AC Milan,,,,False,,
-37,Bologna FC 1909,,,,False,,
-38,FK Shakhtar Donetsk,,,,False,,
-39,AC Sparta Praha,,,,False,,
-40,FC Red Bull Salzburg,,,,False,,
-41,FC Internazionale Milano,,,,False,,
-42,Paris Saint-Germain FC,,,,False,,
-43,Girona FC,,,,False,,
-44,Club Brugge KV,,,,False,,
-45,Borussia Dortmund,,,,False,,
-46,Celtic FC,,,,False,,
-47,ŠK Slovan Bratislava,,,,False,,
-48,Feyenoord Rotterdam,,,,False,,
-49,Bayer 04 Leverkusen,,,,False,,
-50,FK Crvena Zvezda,,,,False,,
-51,Sport Lisboa e Benfica,,,,False,,
-52,AS Monaco FC,,,,False,,
-53,FC Barcelona,,,,False,,
-54,Stade Brestois 29,,,,False,,
-55,SK Sturm Graz,,,,False,,
-56,Atalanta BC,,,,False,,
-57,Club Atlético de Madrid,,,,False,,
-58,RB Leipzig,,,,False,,
-59,Athletic Club,,,,False,,
-60,Royale Union Saint-Gilloise,,,,False,,
-61,Qarabağ Ağdam FK,,,,False,,
-62,Villarreal CF,,,,False,,
-63,Olympique de Marseille,,,,False,,
-64,SK Slavia Praha,,,,False,,
-65,FK Bodø/Glimt,,,,False,,
-66,PAE Olympiakos SFP,,,,False,,
-67,Paphos FC,,,,False,,
-68,AFC Ajax,,,,False,,
-69,FC København,,,,False,,
-70,SSC Napoli,,,,False,,
-71,Eintracht Frankfurt,,,,False,,
-72,Galatasaray SK,,,,False,,
-73,FK Kairat,,,,False,,
-74,SS Lazio,,,,False,,
-75,Royal Antwerp FC,,,,False,,
-76,FC Porto,,,,False,,
-77,1. FC Union Berlin,,,,False,,
-78,Sevilla FC,,,,False,,
-79,Racing Club de Lens,,,,False,,
-80,Sporting Clube de Braga,,,,False,,
-81,Real Sociedad de Fútbol,,,,False,,
-82,SV Werder Bremen,,,,False,,
-83,VfL Wolfsburg,,,,False,,
-84,1. FC Heidenheim 1846,,,,False,,
-85,TSG 1899 Hoffenheim,,,,False,,
-86,SC Freiburg,,,,False,,
-87,FC Augsburg,,,,False,,
-88,Borussia Mönchengladbach,,,,False,,
-89,VfL Bochum 1848,,,,False,,
-90,1. FC Köln,,,,False,,
-91,1. FSV Mainz 05,,,,False,,
-92,SV Darmstadt 98,,,,False,,
-93,FC St. Pauli 1910,,,,False,,
-94,Hamburger SV,,,,False,,
-95,Holstein Kiel,,,,False,,
-96,Empoli FC,,,,False,,
-97,Hellas Verona FC,,,,False,,
-98,Frosinone Calcio,,,,False,,
-99,Genoa CFC,,,,False,,
-100,ACF Fiorentina,,,,False,,
-101,AC Monza,,,,False,,
-102,AS Roma,,,,False,,
-103,US Salernitana 1919,,,,False,,
-104,US Sassuolo Calcio,,,,False,,
-105,US Lecce,,,,False,,
-106,Udinese Calcio,,,,False,,
-107,Torino FC,,,,False,,
-108,Cagliari Calcio,,,,False,,
-109,Parma Calcio 1913,,,,False,,
-110,Venezia FC,,,,False,,
-111,Como 1907,,,,False,,
-112,US Cremonese,,,,False,,
-113,AC Pisa 1909,,,,False,,
-114,Stade Rennais FC 1901,,,,False,,
-115,Olympique Lyonnais,,,,False,,
-116,Le Havre AC,,,,False,,
-117,OGC Nice,,,,False,,
-118,Toulouse FC,,,,False,,
-119,AJ Auxerre,,,,False,,
-120,FC Lorient,,,,False,,
-121,FC Metz,,,,False,,
-122,RC Strasbourg Alsace,,,,False,,
-123,Angers SCO,,,,False,,
-124,Paris FC,,,,False,,
-125,FC Nantes,,,,False,,
-126,Stade de Reims,,,,False,,
-127,AS Saint-Étienne,,,,False,,
-128,Montpellier HSC,,,,False,,
-129,FC Famalicão,,,,False,,
-130,Gil Vicente FC,,,,False,,
-131,Portimonense SC,,,,False,,
-132,SC Farense,,,,False,,
-133,Casa Pia AC,,,,False,,
-134,FC Vizela,,,,False,,
-135,Rio Ave FC,,,,False,,
-136,GD Chaves,,,,False,,
-137,CF Estrela da Amadora,,,,False,,
-138,Vitória SC,,,,False,,
-139,FC Arouca,,,,False,,
-140,GD Estoril Praia,,,,False,,
-141,Moreirense FC,,,,False,,
-142,Boavista FC,,,,False,,
-143,AVS,,,,False,,
-144,CD Nacional,,,,False,,
-145,CD Santa Clara,,,,False,,
-146,CD Tondela,,,,False,,
-147,FC Alverca,,,,False,,
-148,Clermont Foot 63,,,,False,,
-149,Germany,,,,False,,
-150,Scotland,,,,False,,
-151,Hungary,,,,False,,
-152,Switzerland,,,,False,,
-153,Spain,,,,False,,
-154,Croatia,,,,False,,
-155,Italy,,,,False,,
-156,Albania,,,,False,,
-157,Poland,,,,False,,
-158,Netherlands,,,,False,,
-159,Slovenia,,,,False,,
-160,Denmark,,,,False,,
-161,Serbia,,,,False,,
-162,England,,,,False,,
-163,Romania,,,,False,,
-164,Ukraine,,,,False,,
-165,Belgium,,,,False,,
-166,Slovakia,,,,False,,
-167,Austria,,,,False,,
-168,France,,,,False,,
-169,Turkey,,,,False,,
-170,Georgia,,,,False,,
-171,Portugal,,,,False,,
-172,Czechia,,,,False,,
-173,Sheffield Wednesday FC,,,,False,,
-174,Blackburn Rovers FC,,,,False,,
-175,West Bromwich Albion FC,,,,False,,
-176,Bristol City FC,,,,False,,
-177,Preston North End FC,,,,False,,
-178,Middlesbrough FC,,,,False,,
-179,Millwall FC,,,,False,,
-180,Norwich City FC,,,,False,,
-181,Hull City AFC,,,,False,,
-182,Plymouth Argyle FC,,,,False,,
-183,Huddersfield Town AFC,,,,False,,
-184,Watford FC,,,,False,,
-185,Queens Park Rangers FC,,,,False,,
-186,Stoke City FC,,,,False,,
-187,Rotherham United FC,,,,False,,
-188,Swansea City AFC,,,,False,,
-189,Birmingham City FC,,,,False,,
-190,Coventry City FC,,,,False,,
-191,Cardiff City FC,,,,False,,
-192,Charlton Athletic FC,,,,False,,
-193,Wrexham AFC,,,,False,,
-194,Oxford United FC,,,,False,,
-195,Portsmouth FC,,,,False,,
-196,Derby County FC,,,,False,,
-197,Arsenal Sarandi,,,,False,,
-198,Union de Santa Fe,,,,False,,
-199,Velez Sarsfield,,,,False,,
-200,Argentinos Jrs,,,,False,,
-201,Racing Club,,,,False,,
-202,Atl. Rafaela,,,,False,,
-203,Colon Santa FE,,,,False,,
-204,Lanus,,,,False,,
-205,Quilmes,,,,False,,
-206,Boca Juniors,,,,False,,
-207,Newells Old Boys,,,,False,,
-208,Independiente,,,,False,,
-209,Godoy Cruz,,,,False,,
-210,All Boys,,,,False,,
-211,San Lorenzo,,,,False,,
-212,San Martin S.J.,,,,False,,
-213,River Plate,,,,False,,
-214,Belgrano,,,,False,,
-215,Tigre,,,,False,,
-216,Estudiantes L.P.,,,,False,,
-217,Olimpo Bahia Blanca,,,,False,,
-218,Gimnasia L.P.,,,,False,,
-219,Rosario Central,,,,False,,
-220,Banfield,,,,False,,
-221,Defensa y Justicia,,,,False,,
-222,Aldosivi,,,,False,,
-223,Temperley,,,,False,,
-224,Crucero del Norte,,,,False,,
-225,Huracan,,,,False,,
-226,Sarmiento Junin,,,,False,,
-227,Nueva Chicago,,,,False,,
-228,Patronato,,,,False,,
-229,Atl. Tucuman,,,,False,,
-230,Talleres Cordoba,,,,False,,
-231,Chacarita Juniors,,,,False,,
-232,San Martin T.,,,,False,,
-233,Central Cordoba,,,,False,,
-234,Platense,,,,False,,
-235,Barracas Central,,,,False,,
-236,Instituto,,,,False,,
-237,Dep. Riestra,,,,False,,
-238,Ind. Rivadavia,,,,False,,
-239,Sturm Graz,,,,False,,
-240,Salzburg,,,,False,,
-241,Mattersburg,,,,False,,
-242,Neustadt,,,,False,,
-243,SK Rapid,,,,False,,
-244,Wacker Innsbruck,,,,False,,
-245,Admira,,,,False,,
-246,Ried,,,,False,,
-247,Wolfsberger AC,,,,False,,
-248,Austria Vienna,,,,False,,
-249,Grodig,,,,False,,
-250,Altach,,,,False,,
-251,St. Polten,,,,False,,
-252,LASK,,,,False,,
-253,Hartberg,,,,False,,
-254,Tirol,,,,False,,
-255,A. Klagenfurt,,,,False,,
-256,A. Lustenau,,,,False,,
-257,BW Linz,,,,False,,
-258,Grazer AK,,,,False,,
-259,Genk,,,,False,,
-260,Kortrijk,,,,False,,
-261,Cercle Brugge,,,,False,,
-262,Standard,,,,False,,
-263,St Truiden,,,,False,,
-264,Mouscron,,,,False,,
-265,Waregem,,,,False,,
-266,Mechelen,,,,False,,
-267,Waasland-Beveren,,,,False,,
-268,Club Brugge,,,,False,,
-269,Anderlecht,,,,False,,
-270,Oostende,,,,False,,
-271,Charleroi,,,,False,,
-272,Gent,,,,False,,
-273,Eupen,,,,False,,
-274,Antwerp,,,,False,,
-275,Oud-Heverlee Leuven,,,,False,,
-276,Lokeren,,,,False,,
-277,Mouscron-Peruwelz,,,,False,,
-278,Westerlo,,,,False,,
-279,Beerschot VA,,,,False,,
-280,Seraing,,,,False,,
-281,St. Gilloise,,,,False,,
-282,RWD Molenbeek,,,,False,,
-283,Dender,,,,False,,
-284,RAAL La Louviere,,,,False,,
-285,Palmeiras,,,,False,,
-286,Portuguesa,,,,False,,
-287,Sport Recife,,,,False,,
-288,Flamengo RJ,,,,False,,
-289,Figueirense,,,,False,,
-290,Nautico,,,,False,,
-291,Botafogo RJ,,,,False,,
-292,Sao Paulo,,,,False,,
-293,Corinthians,,,,False,,
-294,Fluminense,,,,False,,
-295,Internacional,,,,False,,
-296,Coritiba,,,,False,,
-297,Ponte Preta,,,,False,,
-298,Atletico-MG,,,,False,,
-299,Bahia,,,,False,,
-300,Santos,,,,False,,
-301,Cruzeiro,,,,False,,
-302,Atletico GO,,,,False,,
-303,Vasco,,,,False,,
-304,Gremio,,,,False,,
-305,Vitoria,,,,False,,
-306,Criciuma,,,,False,,
-307,Goias,,,,False,,
-308,Athletico-PR,,,,False,,
-309,Chapecoense-SC,,,,False,,
-310,Joinville,,,,False,,
-311,Avai,,,,False,,
-312,Santa Cruz,,,,False,,
-313,America MG,,,,False,,
-314,Ceara,,,,False,,
-315,Parana,,,,False,,
-316,CSA,,,,False,,
-317,Fortaleza,,,,False,,
-318,Bragantino,,,,False,,
-319,Cuiaba,,,,False,,
-320,Juventude,,,,False,,
-321,Mirassol,,,,False,,
-322,Shandong Luneng,,,,False,,
-323,Zhejiang Yiteng,,,,False,,
-324,Guangzhou Evergrande,,,,False,,
-325,Henan Songshan Longmen,,,,False,,
-326,Beijing Guoan,,,,False,,
-327,Changchun Yatai,,,,False,,
-328,Hangzhou Greentown,,,,False,,
-329,Dalian Yifang F.C.,,,,False,,
-330,Jiangsu Suning,,,,False,,
-331,Beijing Renhe,,,,False,,
-332,Liaoning,,,,False,,
-333,Shanghai SIPG,,,,False,,
-334,Shanghai Shenxin,,,,False,,
-335,Shanghai Shenhua,,,,False,,
-336,Tianjin Jinmen Tiger,,,,False,,
-337,Guangzhou R&F,,,,False,,
-338,Chongqing Liangjiang Athletic,,,,False,,
-339,Shijiazhuang,,,,False,,
-340,Hebei,,,,False,,
-341,Yanbian,,,,False,,
-342,Guizhou Zhicheng,,,,False,,
-343,Tianjin Quanjian,,,,False,,
-344,Tianjin Tianhai,,,,False,,
-345,Wuhan FC,,,,False,,
-346,Shenzhen,,,,False,,
-347,Qingdao FC,,,,False,,
-348,Dalian Pro,,,,False,,
-349,Zhejiang Greentown,,,,False,,
-350,Shandong Taishan,,,,False,,
-351,Guangzhou FC,,,,False,,
-352,Guangzhou City,,,,False,,
-353,Cangzhou,,,,False,,
-354,Shanghai Port,,,,False,,
-355,Chengdu Rongcheng,,,,False,,
-356,Zhejiang Professional,,,,False,,
-357,Wuhan Three Towns,,,,False,,
-358,Meizhou Hakka,,,,False,,
-359,Nantong Zhiyun,,,,False,,
-360,Qingdao Hainiu,,,,False,,
-361,Qingdao West Coast,,,,False,,
-362,Shenzhen Xinpengcheng,,,,False,,
-363,Yunnan Yukun,,,,False,,
-364,Dalian Yingbo,,,,False,,
-365,Aarhus,,,,False,,
-366,Aalborg,,,,False,,
-367,Sonderjyske,,,,False,,
-368,Randers FC,,,,False,,
-369,Esbjerg,,,,False,,
-370,Silkeborg,,,,False,,
-371,Brondby,,,,False,,
-372,Odense,,,,False,,
-373,FC Copenhagen,,,,False,,
-374,Midtjylland,,,,False,,
-375,Horsens,,,,False,,
-376,Nordsjaelland,,,,False,,
-377,Viborg,,,,False,,
-378,Vestsjaelland,,,,False,,
-379,Hobro,,,,False,,
-380,Lyngby,,,,False,,
-381,Vendsyssel,,,,False,,
-382,Helsingor,,,,False,,
-383,Vejle,,,,False,,
-384,Hvidovre IF,,,,False,,
-385,Fredericia,,,,False,,
-386,Brighton,,,,False,,
-387,Nott'm Forest,,,,False,,
-388,Birmingham,,,,False,,
-389,Reading,,,,False,,
-390,Blackburn,,,,False,,
-391,Wolves,,,,False,,
-392,Bolton,,,,False,,
-393,Derby,,,,False,,
-394,Brentford,,,,False,,
-395,Ipswich,,,,False,,
-396,Cardiff,,,,False,,
-397,Fulham,,,,False,,
-398,Charlton,,,,False,,
-399,QPR,,,,False,,
-400,Hull,,,,False,,
-401,Huddersfield,,,,False,,
-402,Leeds,,,,False,,
-403,Burnley,,,,False,,
-404,Rotherham,,,,False,,
-405,Milton Keynes Dons,,,,False,,
-406,Sheffield Weds,,,,False,,
-407,Bristol City,,,,False,,
-408,Preston,,,,False,,
-409,Middlesbrough,,,,False,,
-410,Burton,,,,False,,
-411,Scunthorpe,,,,False,,
-412,Chesterfield,,,,False,,
-413,Barnsley,,,,False,,
-414,Colchester,,,,False,,
-415,Blackpool,,,,False,,
-416,Coventry,,,,False,,
-417,Wigan,,,,False,,
-418,Crewe,,,,False,,
-419,Port Vale,,,,False,,
-420,Doncaster,,,,False,,
-421,Bury,,,,False,,
-422,Fleetwood Town,,,,False,,
-423,Southend,,,,False,,
-424,Gillingham,,,,False,,
-425,Sheffield United,,,,False,,
-426,Rochdale,,,,False,,
-427,Peterboro,,,,False,,
-428,Shrewsbury,,,,False,,
-429,Millwall,,,,False,,
-430,Swindon,,,,False,,
-431,Bradford,,,,False,,
-432,Walsall,,,,False,,
-433,Oldham,,,,False,,
-434,Accrington,,,,False,,
-435,Luton,,,,False,,
-436,AFC Wimbledon,,,,False,,
-437,Plymouth,,,,False,,
-438,Bristol Rvs,,,,False,,
-439,Northampton,,,,False,,
-440,Cambridge,,,,False,,
-441,Newport County,,,,False,,
-442,Exeter,,,,False,,
-443,Yeovil,,,,False,,
-444,Hartlepool,,,,False,,
-445,Morecambe,,,,False,,
-446,Leyton Orient,,,,False,,
-447,Barnet,,,,False,,
-448,Mansfield,,,,False,,
-449,Carlisle,,,,False,,
-450,Oxford,,,,False,,
-451,Crawley Town,,,,False,,
-452,Portsmouth,,,,False,,
-453,Dag and Red,,,,False,,
-454,Stevenage,,,,False,,
-455,Notts County,,,,False,,
-456,Wycombe,,,,False,,
-457,York,,,,False,,
-458,Aldershot,,,,False,,
-459,Gateshead,,,,False,,
-460,Altrincham,,,,False,,
-461,Forest Green,,,,False,,
-462,Barrow,,,,False,,
-463,Dover Athletic,,,,False,,
-464,Boreham Wood,,,,False,,
-465,Halifax,,,,False,,
-466,Bromley,,,,False,,
-467,Wrexham,,,,False,,
-468,Chester,,,,False,,
-469,Braintree Town,,,,False,,
-470,Kidderminster,,,,False,,
-471,Grimsby,,,,False,,
-472,Lincoln,,,,False,,
-473,Cheltenham,,,,False,,
-474,Southport,,,,False,,
-475,Eastleigh,,,,False,,
-476,Torquay,,,,False,,
-477,Macclesfield,,,,False,,
-478,Tranmere,,,,False,,
-479,Woking,,,,False,,
-480,Welling United,,,,False,,
-481,Guiseley,,,,False,,
-482,Bournemouth,,,,False,,
-483,Aston Villa,,,,False,,
-484,Chelsea,,,,False,,
-485,Swansea,,,,False,,
-486,Everton,,,,False,,
-487,Watford,,,,False,,
-488,Leicester,,,,False,,
-489,Sunderland,,,,False,,
-490,Man United,,,,False,,
-491,Tottenham,,,,False,,
-492,Norwich,,,,False,,
-493,Crystal Palace,,,,False,,
-494,Arsenal,,,,False,,
-495,West Ham,,,,False,,
-496,Newcastle,,,,False,,
-497,Southampton,,,,False,,
-498,Stoke,,,,False,,
-499,Liverpool,,,,False,,
-500,West Brom,,,,False,,
-501,Man City,,,,False,,
-502,Maidstone,,,,False,,
-503,North Ferriby,,,,False,,
-504,Sutton,,,,False,,
-505,Solihull,,,,False,,
-506,Fylde,,,,False,,
-507,Ebbsfleet,,,,False,,
-508,Maidenhead,,,,False,,
-509,Havant & Waterlooville,,,,False,,
-510,Harrogate,,,,False,,
-511,Salford,,,,False,,
-512,Stockport,,,,False,,
-513,Chorley,,,,False,,
-514,Weymouth,,,,False,,
-515,Kings Lynn,,,,False,,
-516,Wealdstone,,,,False,,
-517,Dorking,,,,False,,
-518,Oxford City,,,,False,,
-519,Boston Utd,,,,False,,
-520,Tamworth,,,,False,,
-521,Brackley Town,,,,False,,
-522,Truro,,,,False,,
-523,HJK,,,,False,,
-524,Mariehamn,,,,False,,
-525,Honka,,,,False,,
-526,VPS,,,,False,,
-527,KuPS,,,,False,,
-528,JJK Jyvaskyla,,,,False,,
-529,Lahti,,,,False,,
-530,Haka,,,,False,,
-531,TPS,,,,False,,
-532,MyPa,,,,False,,
-533,Jaro,,,,False,,
-534,Inter Turku,,,,False,,
-535,Rovaniemi,,,,False,,
-536,SJK,,,,False,,
-537,KTP,,,,False,,
-538,Ilves,,,,False,,
-539,HIFK,,,,False,,
-540,PK-35 Vantaa,,,,False,,
-541,PS Kemi,,,,False,,
-542,KPV Kokkola,,,,False,,
-543,AC Oulu,,,,False,,
-544,Gnistan,,,,False,,
-545,Ekenas,,,,False,,
-546,Ajaccio,,,,False,,
-547,Dijon,,,,False,,
-548,Auxerre,,,,False,,
-549,Brest,,,,False,,
-550,Bourg Peronnas,,,,False,,
-551,Le Havre,,,,False,,
-552,Clermont,,,,False,,
-553,Sochaux,,,,False,,
-554,Nimes,,,,False,,
-555,Evian Thonon Gaillard,,,,False,,
-556,Niort,,,,False,,
-557,Valenciennes,,,,False,,
-558,Laval,,,,False,,
-559,Red Star,,,,False,,
-560,Creteil,,,,False,,
-561,Metz,,,,False,,
-562,Lens,,,,False,,
-563,Nancy,,,,False,,
-564,Tours,,,,False,,
-565,Lille,,,,False,,
-566,Paris SG,,,,False,,
-567,Bastia,,,,False,,
-568,Rennes,,,,False,,
-569,Marseille,,,,False,,
-570,Caen,,,,False,,
-571,Montpellier,,,,False,,
-572,Angers,,,,False,,
-573,Nantes,,,,False,,
-574,Guingamp,,,,False,,
-575,Nice,,,,False,,
-576,Monaco,,,,False,,
-577,Troyes,,,,False,,
-578,Ajaccio GFCO,,,,False,,
-579,Bordeaux,,,,False,,
-580,Reims,,,,False,,
-581,Lyon,,,,False,,
-582,Lorient,,,,False,,
-583,Toulouse,,,,False,,
-584,St Etienne,,,,False,,
-585,Strasbourg,,,,False,,
-586,Orleans,,,,False,,
-587,Amiens,,,,False,,
-588,Chateauroux,,,,False,,
-589,Quevilly Rouen,,,,False,,
-590,Grenoble,,,,False,,
-591,Beziers,,,,False,,
-592,Chambly,,,,False,,
-593,Rodez,,,,False,,
-594,Le Mans,,,,False,,
-595,Dunkerque,,,,False,,
-596,Pau FC,,,,False,,
-597,Annecy,,,,False,,
-598,Concarneau,,,,False,,
-599,Martigues,,,,False,,
-600,Boulogne,,,,False,,
-601,Bayern Munich,,,,False,,
-602,Hamburg,,,,False,,
-603,Augsburg,,,,False,,
-604,Hertha,,,,False,,
-605,Darmstadt,,,,False,,
-606,Hannover,,,,False,,
-607,Dortmund,,,,False,,
-608,M'gladbach,,,,False,,
-609,Leverkusen,,,,False,,
-610,Hoffenheim,,,,False,,
-611,Mainz,,,,False,,
-612,Ingolstadt,,,,False,,
-613,Werder Bremen,,,,False,,
-614,Schalke 04,,,,False,,
-615,Stuttgart,,,,False,,
-616,FC Koln,,,,False,,
-617,Wolfsburg,,,,False,,
-618,Ein Frankfurt,,,,False,,
-619,Duisburg,,,,False,,
-620,Kaiserslautern,,,,False,,
-621,Frankfurt FSV,,,,False,,
-622,Greuther Furth,,,,False,,
-623,Karlsruhe,,,,False,,
-624,St Pauli,,,,False,,
-625,Bielefeld,,,,False,,
-626,Braunschweig,,,,False,,
-627,Sandhausen,,,,False,,
-628,Heidenheim,,,,False,,
-629,Munich 1860,,,,False,,
-630,Paderborn,,,,False,,
-631,Bochum,,,,False,,
-632,Union Berlin,,,,False,,
-633,Fortuna Dusseldorf,,,,False,,
-634,Freiburg,,,,False,,
-635,Nurnberg,,,,False,,
-636,Dresden,,,,False,,
-637,Wurzburger Kickers,,,,False,,
-638,Erzgebirge Aue,,,,False,,
-639,Regensburg,,,,False,,
-640,Magdeburg,,,,False,,
-641,Osnabruck,,,,False,,
-642,Wehen,,,,False,,
-643,Hansa Rostock,,,,False,,
-644,Elversberg,,,,False,,
-645,Preußen Münster,,,,False,,
-646,Ulm,,,,False,,
-647,AEK,,,,False,,
-648,Platanias,,,,False,,
-649,Kallonis,,,,False,,
-650,Iraklis,,,,False,,
-651,Panthrakikos,,,,False,,
-652,Asteras Tripolis,,,,False,,
-653,Atromitos,,,,False,,
-654,Levadeiakos,,,,False,,
-655,Olympiakos,,,,False,,
-656,Panionios,,,,False,,
-657,PAOK,,,,False,,
-658,Xanthi,,,,False,,
-659,Veria,,,,False,,
-660,Giannina,,,,False,,
-661,Panetolikos,,,,False,,
-662,Panathinaikos,,,,False,,
-663,Kerkyra,,,,False,,
-664,Larisa,,,,False,,
-665,Lamia,,,,False,,
-666,Apollon,,,,False,,
-667,OFI Crete,,,,False,,
-668,Aris,,,,False,,
-669,Volos NFC,,,,False,,
-670,Ionikos,,,,False,,
-671,Kifisia,,,,False,,
-672,Panserraikos,,,,False,,
-673,Athens Kallithea,,,,False,,
-674,Drogheda,,,,False,,
-675,Shamrock Rovers,,,,False,,
-676,Derry City,,,,False,,
-677,Bohemians,,,,False,,
-678,St. Patricks,,,,False,,
-679,Bray,,,,False,,
-680,UC Dublin,,,,False,,
-681,Cork City,,,,False,,
-682,Monaghan,,,,False,,
-683,Dundalk,,,,False,,
-684,Shelbourne,,,,False,,
-685,Sligo Rovers,,,,False,,
-686,Longford,,,,False,,
-687,Waterford,,,,False,,
-688,Limerick,,,,False,,
-689,Mervue,,,,False,,
-690,Athlone,,,,False,,
-691,Galway,,,,False,,
-692,Finn Harps,,,,False,,
-693,Wexford,,,,False,,
-694,Cobh Ramblers,,,,False,,
-695,Cabinteely,,,,False,,
-696,Treaty United,,,,False,,
-697,Lazio,,,,False,,
-698,Bologna,,,,False,,
-699,Verona,,,,False,,
-700,Roma,,,,False,,
-701,Empoli,,,,False,,
-702,Chievo,,,,False,,
-703,Fiorentina,,,,False,,
-704,Milan,,,,False,,
-705,Frosinone,,,,False,,
-706,Torino,,,,False,,
-707,Inter,,,,False,,
-708,Atalanta,,,,False,,
-709,Juventus,,,,False,,
-710,Udinese,,,,False,,
-711,Palermo,,,,False,,
-712,Genoa,,,,False,,
-713,Sampdoria,,,,False,,
-714,Carpi,,,,False,,
-715,Sassuolo,,,,False,,
-716,Napoli,,,,False,,
-717,Cesena,,,,False,,
-718,Brescia,,,,False,,
-719,Bari,,,,False,,
-720,Spezia,,,,False,,
-721,Livorno,,,,False,,
-722,Pescara,,,,False,,
-723,Modena,,,,False,,
-724,Vicenza,,,,False,,
-725,Novara,,,,False,,
-726,Latina,,,,False,,
-727,Perugia,,,,False,,
-728,Como,,,,False,,
-729,Pro Vercelli,,,,False,,
-730,Virtus Lanciano,,,,False,,
-731,Salernitana,,,,False,,
-732,Avellino,,,,False,,
-733,Trapani,,,,False,,
-734,Ternana,,,,False,,
-735,Cagliari,,,,False,,
-736,Crotone,,,,False,,
-737,Virtus Entella,,,,False,,
-738,Ascoli,,,,False,,
-739,Cittadella,,,,False,,
-740,Benevento,,,,False,,
-741,Spal,,,,False,,
-742,Pisa,,,,False,,
-743,Parma,,,,False,,
-744,Cremonese,,,,False,,
-745,Venezia,,,,False,,
-746,Foggia,,,,False,,
-747,Cosenza,,,,False,,
-748,Padova,,,,False,,
-749,Lecce,,,,False,,
-750,Juve Stabia,,,,False,,
-751,Pordenone,,,,False,,
-752,Monza,,,,False,,
-753,Reggina,,,,False,,
-754,Reggiana,,,,False,,
-755,Alessandria,,,,False,,
-756,Sudtirol,,,,False,,
-757,Catanzaro,,,,False,,
-758,FeralpiSalo,,,,False,,
-759,Lecco,,,,False,,
-760,Carrarese,,,,False,,
-761,Mantova,,,,False,,
-762,Gamba Osaka,,,,False,,
-763,Vissel Kobe,,,,False,,
-764,Sanfrecce Hiroshima,,,,False,,
-765,Urawa Reds,,,,False,,
-766,Nagoya Grampus,,,,False,,
-767,Shimizu S-Pulse,,,,False,,
-768,Sagan Tosu,,,,False,,
-769,Cerezo Osaka,,,,False,,
-770,Hokkaido Consadole Sapporo,,,,False,,
-771,Iwata,,,,False,,
-772,Vegalta Sendai,,,,False,,
-773,Kashima Antlers,,,,False,,
-774,Kawasaki Frontale,,,,False,,
-775,Albirex Niigata,,,,False,,
-776,Omiya Ardija,,,,False,,
-777,FC Tokyo,,,,False,,
-778,Kashiwa Reysol,,,,False,,
-779,Yokohama F. Marinos,,,,False,,
-780,Kofu,,,,False,,
-781,Shonan Bellmare,,,,False,,
-782,Oita Trinita,,,,False,,
-783,Tokushima,,,,False,,
-784,Yamaga,,,,False,,
-785,Montedio Yamagata,,,,False,,
-786,Avispa Fukuoka,,,,False,,
-787,V-Varen Nagasaki,,,,False,,
-788,Verdy,,,,False,,
-789,Yokohama FC,,,,False,,
-790,Kyoto,,,,False,,
-791,Kumamoto,,,,False,,
-792,Okayama,,,,False,,
-793,Machida,,,,False,,
-794,Chiapas,,,,False,,
-795,Tigres UANL,,,,False,,
-796,Club Tijuana,,,,False,,
-797,Puebla,,,,False,,
-798,Cruz Azul,,,,False,,
-799,Monarcas,,,,False,,
-800,Queretaro,,,,False,,
-801,Club Leon,,,,False,,
-802,Monterrey,,,,False,,
-803,Club America,,,,False,,
-804,Santos Laguna,,,,False,,
-805,Atl. San Luis,,,,False,,
-806,Atlas,,,,False,,
-807,UNAM Pumas,,,,False,,
-808,Toluca,,,,False,,
-809,Guadalajara Chivas,,,,False,,
-810,Atlante,,,,False,,
-811,Pachuca,,,,False,,
-812,Veracruz,,,,False,,
-813,Leones Negros,,,,False,,
-814,Dorados de Sinaloa,,,,False,,
-815,Necaxa,,,,False,,
-816,Lobos BUAP,,,,False,,
-817,Juarez,,,,False,,
-818,Mazatlan FC,,,,False,,
-819,Feyenoord,,,,False,,
-820,Utrecht,,,,False,,
-821,Roda,,,,False,,
-822,Heracles,,,,False,,
-823,AZ Alkmaar,,,,False,,
-824,Ajax,,,,False,,
-825,Willem II,,,,False,,
-826,Vitesse,,,,False,,
-827,Den Haag,,,,False,,
-828,PSV Eindhoven,,,,False,,
-829,Heerenveen,,,,False,,
-830,Graafschap,,,,False,,
-831,Groningen,,,,False,,
-832,Twente,,,,False,,
-833,Nijmegen,,,,False,,
-834,Excelsior,,,,False,,
-835,Zwolle,,,,False,,
-836,Cambuur,,,,False,,
-837,Go Ahead Eagles,,,,False,,
-838,Sparta Rotterdam,,,,False,,
-839,NAC Breda,,,,False,,
-840,VVV Venlo,,,,False,,
-841,For Sittard,,,,False,,
-842,FC Emmen,,,,False,,
-843,Waalwijk,,,,False,,
-844,Volendam,,,,False,,
-845,Almere City,,,,False,,
-846,Telstar,,,,False,,
-847,Molde,,,,False,,
-848,Stromsgodset,,,,False,,
-849,Honefoss,,,,False,,
-850,Lillestrom,,,,False,,
-851,Odd,,,,False,,
-852,Sogndal,,,,False,,
-853,Stabaek,,,,False,,
-854,Aalesund,,,,False,,
-855,Tromso,,,,False,,
-856,Fredrikstad,,,,False,,
-857,Valerenga,,,,False,,
-858,Haugesund,,,,False,,
-859,Rosenborg,,,,False,,
-860,Brann,,,,False,,
-861,Sandnes,,,,False,,
-862,Viking,,,,False,,
-863,Ull/Kisa,,,,False,,
-864,Sarpsborg 08,,,,False,,
-865,Start,,,,False,,
-866,Ranheim,,,,False,,
-867,Bodo/Glimt,,,,False,,
-868,Mjondalen,,,,False,,
-869,Sandefjord,,,,False,,
-870,Jerv,,,,False,,
-871,Kristiansund,,,,False,,
-872,Ham-Kam,,,,False,,
-873,Kongsvinger,,,,False,,
-874,KFUM Oslo,,,,False,,
-875,Moss,,,,False,,
-876,Bryne,,,,False,,
-877,Pogon Szczecin,,,,False,,
-878,Zaglebie,,,,False,,
-879,Piast Gliwice,,,,False,,
-880,Gornik Z.,,,,False,,
-881,Jagiellonia,,,,False,,
-882,Podbeskidzie,,,,False,,
-883,Widzew Lodz,,,,False,,
-884,Slask Wroclaw,,,,False,,
-885,Lech Poznan,,,,False,,
-886,Ruch,,,,False,,
-887,Wisla,,,,False,,
-888,GKS Belchatow,,,,False,,
-889,Legia,,,,False,,
-890,Korona Kielce,,,,False,,
-891,Lechia Gdansk,,,,False,,
-892,Polonia Warszawa,,,,False,,
-893,Zawisza,,,,False,,
-894,Cracovia,,,,False,,
-895,Leczna,,,,False,,
-896,Termalica B-B.,,,,False,,
-897,Wisla Plock,,,,False,,
-898,Arka Gdynia,,,,False,,
-899,Sandecja Nowy S.,,,,False,,
-900,Legnica,,,,False,,
-901,Zaglebie Sosnowiec,,,,False,,
-902,LKS Lodz,,,,False,,
-903,Rakow,,,,False,,
-904,Stal Mielec,,,,False,,
-905,Warta Poznan,,,,False,,
-906,Radomiak Radom,,,,False,,
-907,Gornik Zabrze,,,,False,,
-908,Ruch Chorzow,,,,False,,
-909,Puszcza,,,,False,,
-910,GKS Katowice,,,,False,,
-911,Motor Lublin,,,,False,,
-912,Tondela,,,,False,,
-913,Sp Lisbon,,,,False,,
-914,Belenenses,,,,False,,
-915,Rio Ave,,,,False,,
-916,Porto,,,,False,,
-917,Guimaraes,,,,False,,
-918,Benfica,,,,False,,
-919,Estoril,,,,False,,
-920,Moreirense,,,,False,,
-921,Arouca,,,,False,,
-922,Setubal,,,,False,,
-923,Boavista,,,,False,,
-924,Sp Braga,,,,False,,
-925,Nacional,,,,False,,
-926,Uniao Madeira,,,,False,,
-927,Maritimo,,,,False,,
-928,Pacos Ferreira,,,,False,,
-929,Academica,,,,False,,
-930,Feirense,,,,False,,
-931,Chaves,,,,False,,
-932,Aves,,,,False,,
-933,Portimonense,,,,False,,
-934,Santa Clara,,,,False,,
-935,Famalicao,,,,False,,
-936,Gil Vicente,,,,False,,
-937,Farense,,,,False,,
-938,Vizela,,,,False,,
-939,Casa Pia,,,,False,,
-940,Estrela,,,,False,,
-941,Alverca,,,,False,,
-942,Pandurii,,,,False,,
-943,U. Cluj,,,,False,,
-944,CS Turnu Severin,,,,False,,
-945,Din. Bucuresti,,,,False,,
-946,Petrolul,,,,False,,
-947,Ceahlaul,,,,False,,
-948,CFR Cluj,,,,False,,
-949,Gaz Metan Medias,,,,False,,
-950,Bistrita,,,,False,,
-951,Astra,,,,False,,
-952,Poli Iasi,,,,False,,
-953,Otelul,,,,False,,
-954,FC Rapid Bucuresti,,,,False,,
-955,Vaslui,,,,False,,
-956,Viitorul Constanta,,,,False,,
-957,FC Brasov,,,,False,,
-958,FCSB,,,,False,,
-959,Concordia,,,,False,,
-960,Poli Timisoara,,,,False,,
-961,Navodari,,,,False,,
-962,FC Botosani,,,,False,,
-963,Corona Brasov,,,,False,,
-964,U Craiova,,,,False,,
-965,Targu Mures,,,,False,,
-966,FC Voluntari,,,,False,,
-967,Calarasi,,,,False,,
-968,UTA Arad,,,,False,,
-969,Daco-Getica Bucuresti,,,,False,,
-970,Sepsi Sf. Gheorghe,,,,False,,
-971,Chindia Targoviste,,,,False,,
-972,FC Hermannstadt,,,,False,,
-973,Academica Clinceni,,,,False,,
-974,Mioveni,,,,False,,
-975,FC Arges,,,,False,,
-976,Univ. Craiova,,,,False,,
-977,U Craiova 1948,,,,False,,
-978,Farul Constanta,,,,False,,
-979,Gloria Buzau,,,,False,,
-980,Csikszereda M. Ciuc,,,,False,,
-981,Unirea Slobozia,,,,False,,
-982,Metaloglobus Bucharest,,,,False,,
-983,M. Saransk,,,,False,,
-984,Lokomotiv Moscow,,,,False,,
-985,CSKA Moscow,,,,False,,
-986,FK Rostov,,,,False,,
-987,Volga N. Novgorod,,,,False,,
-988,Dynamo Moscow,,,,False,,
-989,Vladikavkaz,,,,False,,
-990,Spartak Moscow,,,,False,,
-991,Zenit,,,,False,,
-992,Amkar,,,,False,,
-993,Krylya Sovetov,,,,False,,
-994,Akhmat Grozny,,,,False,,
-995,FK Anzi Makhackala,,,,False,,
-996,Kuban,,,,False,,
-997,Krasnodar,,,,False,,
-998,Rubin Kazan,,,,False,,
-999,Spartak Nalchik,,,,False,,
-1000,SKA Khabarovsk,,,,False,,
-1001,Tomsk,,,,False,,
-1002,Ural,,,,False,,
-1003,Ufa,,,,False,,
-1004,T. Moscow,,,,False,,
-1005,Arsenal Tula,,,,False,,
-1006,Tosno,,,,False,,
-1007,Volgar-Astrakhan,,,,False,,
-1008,Orenburg,,,,False,,
-1009,Yenisey,,,,False,,
-1010,Tambov,,,,False,,
-1011,Pari NN,,,,False,,
-1012,Sochi,,,,False,,
-1013,Khimki,,,,False,,
-1014,R. Volgograd,,,,False,,
-1015,Torpedo Moscow,,,,False,,
-1016,Fakel Voronezh,,,,False,,
-1017,Rodina Moscow,,,,False,,
-1018,Baltika,,,,False,,
-1019,Akron Togliatti,,,,False,,
-1020,Dynamo Makhachkala,,,,False,,
-1021,Rangers,,,,False,,
-1022,St Mirren,,,,False,,
-1023,Dumbarton,,,,False,,
-1024,Hibernian,,,,False,,
-1025,Morton,,,,False,,
-1026,Falkirk,,,,False,,
-1027,Queen of Sth,,,,False,,
-1028,Alloa,,,,False,,
-1029,Raith Rvs,,,,False,,
-1030,Livingston,,,,False,,
-1031,Airdrie Utd,,,,False,,
-1032,Forfar,,,,False,,
-1033,Albion Rvs,,,,False,,
-1034,Ayr,,,,False,,
-1035,Brechin,,,,False,,
-1036,Dunfermline,,,,False,,
-1037,Cowdenbeath,,,,False,,
-1038,Stranraer,,,,False,,
-1039,Peterhead,,,,False,,
-1040,Stenhousemuir,,,,False,,
-1041,Arbroath,,,,False,,
-1042,Elgin,,,,False,,
-1043,Berwick,,,,False,,
-1044,Montrose,,,,False,,
-1045,East Stirling,,,,False,,
-1046,East Fife,,,,False,,
-1047,Queens Park,,,,False,,
-1048,Annan Athletic,,,,False,,
-1049,Stirling,,,,False,,
-1050,Clyde,,,,False,,
-1051,Celtic,,,,False,,
-1052,Ross County,,,,False,,
-1053,Hamilton,,,,False,,
-1054,Partick,,,,False,,
-1055,Inverness C,,,,False,,
-1056,Motherwell,,,,False,,
-1057,Kilmarnock,,,,False,,
-1058,Dundee,,,,False,,
-1059,Dundee United,,,,False,,
-1060,Aberdeen,,,,False,,
-1061,Hearts,,,,False,,
-1062,St Johnstone,,,,False,,
-1063,Edinburgh City,,,,False,,
-1064,Cove Rangers,,,,False,,
-1065,Kelty Hearts,,,,False,,
-1066,FC Edinburgh,,,,False,,
-1067,Bonnyrigg Rose,,,,False,,
-1068,Spartans,,,,False,,
-1069,East Kilbride,,,,False,,
-1070,Malaga,,,,False,,
-1071,Sevilla,,,,False,,
-1072,Ath Madrid,,,,False,,
-1073,Las Palmas,,,,False,,
-1074,Espanol,,,,False,,
-1075,Getafe,,,,False,,
-1076,La Coruna,,,,False,,
-1077,Sociedad,,,,False,,
-1078,Vallecano,,,,False,,
-1079,Valencia,,,,False,,
-1080,Ath Bilbao,,,,False,,
-1081,Barcelona,,,,False,,
-1082,Betis,,,,False,,
-1083,Villarreal,,,,False,,
-1084,Levante,,,,False,,
-1085,Celta,,,,False,,
-1086,Sp Gijon,,,,False,,
-1087,Real Madrid,,,,False,,
-1088,Granada,,,,False,,
-1089,Eibar,,,,False,,
-1090,Alcorcon,,,,False,,
-1091,Mallorca,,,,False,,
-1092,Cordoba,,,,False,,
-1093,Valladolid,,,,False,,
-1094,Huesca,,,,False,,
-1095,Alaves,,,,False,,
-1096,Llagostera,,,,False,,
-1097,Osasuna,,,,False,,
-1098,Almeria,,,,False,,
-1099,Leganes,,,,False,,
-1100,Gimnastic,,,,False,,
-1101,Albacete,,,,False,,
-1102,Mirandes,,,,False,,
-1103,Zaragoza,,,,False,,
-1104,Numancia,,,,False,,
-1105,Tenerife,,,,False,,
-1106,Oviedo,,,,False,,
-1107,Lugo,,,,False,,
-1108,Ponferradina,,,,False,,
-1109,Elche,,,,False,,
-1110,Ath Bilbao B,,,,False,,
-1111,Girona,,,,False,,
-1112,Cadiz,,,,False,,
-1113,Reus Deportiu,,,,False,,
-1114,Sevilla B,,,,False,,
-1115,UCAM Murcia,,,,False,,
-1116,Lorca,,,,False,,
-1117,Leonesa,,,,False,,
-1118,Barcelona B,,,,False,,
-1119,Extremadura UD,,,,False,,
-1120,Rayo Majadahonda,,,,False,,
-1121,Santander,,,,False,,
-1122,Fuenlabrada,,,,False,,
-1123,Castellon,,,,False,,
-1124,Logrones,,,,False,,
-1125,Cartagena,,,,False,,
-1126,Sabadell,,,,False,,
-1127,Ibiza,,,,False,,
-1128,Sociedad B,,,,False,,
-1129,Amorebieta,,,,False,,
-1130,Burgos,,,,False,,
-1131,Villarreal B,,,,False,,
-1132,Andorra,,,,False,,
-1133,Ferrol,,,,False,,
-1134,Eldense,,,,False,,
-1135,Cultural Leonesa,,,,False,,
-1136,Ceuta,,,,False,,
-1137,Elfsborg,,,,False,,
-1138,Djurgarden,,,,False,,
-1139,GAIS,,,,False,,
-1140,Hacken,,,,False,,
-1141,Sundsvall,,,,False,,
-1142,Kalmar,,,,False,,
-1143,AIK,,,,False,,
-1144,Mjallby,,,,False,,
-1145,Syrianska,,,,False,,
-1146,Goteborg,,,,False,,
-1147,Malmo FF,,,,False,,
-1148,Gefle,,,,False,,
-1149,Orebro,,,,False,,
-1150,Atvidabergs,,,,False,,
-1151,Norrkoping,,,,False,,
-1152,Helsingborg,,,,False,,
-1153,Halmstad,,,,False,,
-1154,Brommapojkarna,,,,False,,
-1155,Osters,,,,False,,
-1156,Falkenbergs,,,,False,,
-1157,Ljungskile,,,,False,,
-1158,Hammarby,,,,False,,
-1159,Sirius,,,,False,,
-1160,Jonkopings,,,,False,,
-1161,Ostersunds,,,,False,,
-1162,AFC Eskilstuna,,,,False,,
-1163,Trelleborgs,,,,False,,
-1164,Dalkurd,,,,False,,
-1165,Brage,,,,False,,
-1166,Varberg,,,,False,,
-1167,Degerfors,,,,False,,
-1168,Varnamo,,,,False,,
-1169,Oster,,,,False,,
-1170,Vasteras SK,,,,False,,
-1171,Landskrona,,,,False,,
-1172,Servette,,,,False,,
-1173,Basel,,,,False,,
-1174,Thun,,,,False,,
-1175,Lausanne,,,,False,,
-1176,Grasshoppers,,,,False,,
-1177,Sion,,,,False,,
-1178,Luzern,,,,False,,
-1179,Zurich,,,,False,,
-1180,St. Gallen,,,,False,,
-1181,Young Boys,,,,False,,
-1182,Aarau,,,,False,,
-1183,Vaduz,,,,False,,
-1184,Lugano,,,,False,,
-1185,Xamax,,,,False,,
-1186,Schaffhausen,,,,False,,
-1187,Winterthur,,,,False,,
-1188,Lausanne Ouchy,,,,False,,
-1189,Yverdon,,,,False,,
-1190,Fenerbahce,,,,False,,
-1191,Eskisehirspor,,,,False,,
-1192,Buyuksehyr,,,,False,,
-1193,Antalyaspor,,,,False,,
-1194,Sivasspor,,,,False,,
-1195,Galatasaray,,,,False,,
-1196,Trabzonspor,,,,False,,
-1197,Bursaspor,,,,False,,
-1198,Gaziantepspor,,,,False,,
-1199,Kasimpasa,,,,False,,
-1200,Konyaspor,,,,False,,
-1201,Akhisar Belediyespor,,,,False,,
-1202,Mersin Idman Yurdu,,,,False,,
-1203,Besiktas,,,,False,,
-1204,Osmanlispor,,,,False,,
-1205,Kayserispor,,,,False,,
-1206,Genclerbirligi,,,,False,,
-1207,Rizespor,,,,False,,
-1208,Adanaspor,,,,False,,
-1209,Alanyaspor,,,,False,,
-1210,Karabukspor,,,,False,,
-1211,Goztep,,,,False,,
-1212,Yeni Malatyaspor,,,,False,,
-1213,Ankaragucu,,,,False,,
-1214,Erzurum BB,,,,False,,
-1215,Denizlispor,,,,False,,
-1216,Gaziantep,,,,False,,
-1217,Karagumruk,,,,False,,
-1218,Hatayspor,,,,False,,
-1219,Altay,,,,False,,
-1220,Ad. Demirspor,,,,False,,
-1221,Giresunspor,,,,False,,
-1222,Istanbulspor,,,,False,,
-1223,Umraniyespor,,,,False,,
-1224,Pendikspor,,,,False,,
-1225,Samsunspor,,,,False,,
-1226,Eyupspor,,,,False,,
-1227,Bodrumspor,,,,False,,
-1228,Kocaelispor,,,,False,,
-1229,Colorado Rapids,,,,False,,
-1230,Columbus Crew,,,,False,,
-1231,Vancouver Whitecaps,,,,False,,
-1232,CF Montreal,,,,False,,
-1233,DC United,,,,False,,
-1234,Sporting Kansas City,,,,False,,
-1235,Los Angeles Galaxy,,,,False,,
-1236,Real Salt Lake,,,,False,,
-1237,San Jose Earthquakes,,,,False,,
-1238,New England Revolution,,,,False,,
-1239,FC Dallas,,,,False,,
-1240,New York Red Bulls,,,,False,,
-1241,Chivas USA,,,,False,,
-1242,Houston Dynamo,,,,False,,
-1243,Portland Timbers,,,,False,,
-1244,Philadelphia Union,,,,False,,
-1245,Chicago Fire,,,,False,,
-1246,Seattle Sounders,,,,False,,
-1247,Toronto FC,,,,False,,
-1248,Orlando City,,,,False,,
-1249,New York City,,,,False,,
-1250,Minnesota United,,,,False,,
-1251,Atlanta Utd,,,,False,,
-1252,Los Angeles FC,,,,False,,
-1253,FC Cincinnati,,,,False,,
-1254,Nashville SC,,,,False,,
-1255,Inter Miami,,,,False,,
-1256,Austin FC,,,,False,,
-1257,Charlotte,,,,False,,
-1258,St. Louis City,,,,False,,
-1259,San Diego FC,,,,False,,
